﻿<?xml version="1.0" encoding="utf-8" ?>
<ShowList>
	<Movie>
		<Name>不二神探</Name>
		<Poster>不二神探.jpg</Poster>
		<Director>王子鸣</Director>
		<Actor>李连杰、文章、陈妍希</Actor>
		<Type>Action</Type>
		<Price>60</Price>
		<Schedule>
			<Item>9:00</Item>
			<Item>13:00</Item>
		</Schedule>
	</Movie>
	<Movie>
		<Name>西游降魔篇</Name>
		<Poster>西游降魔篇.jpg</Poster>
		<Director>郭子健、周星驰</Director>
		<Actor>黄渤、舒淇、文章</Actor>
		<Type>Comedy</Type>
		<Price>60</Price>
		<Schedule>
			<Item>11:20</Item>
			<Item>15:45</Item>
			<Item>19:25</Item>
		</Schedule>
	</Movie>
	<Movie>
		<Name>中国合伙人</Name>
		<Poster>中国合伙人.jpg</Poster>
		<Director>陈可辛</Director>
		<Actor>黄晓明、邓超、佟大为</Actor>
		<Type>Comedy</Type>
		<Price>70</Price>
		<Schedule>
			<Item>21:00</Item>
			<Item>23:10</Item>
		</Schedule>
	</Movie>
	<Movie>
		<Name>钢铁侠3</Name>
		<Poster>钢铁侠3.jpg</Poster>
		<Director>沙恩布莱克</Director>
		<Actor>小罗伯特唐尼</Actor>
		<Type>Action</Type>
		<Price>70</Price>
		<Schedule>
			<Item>17:30</Item>
		</Schedule>
	</Movie>
  <Movie>
    <Name>我的野蛮女友</Name>
    <Poster>我的野蛮女友.jpg</Poster>
    <Director>郭在容</Director>
    <Actor>全智贤、车太贤</Actor>
    <Type>Romance</Type>
    <Price>70</Price>
    <Schedule>
      <Item>19:30</Item>
      <Item>21:30</Item>
    </Schedule>
  </Movie>
  <Movie>
    <Name>雏菊</Name>
    <Poster>雏菊.jpg</Poster>
    <Director>刘伟强</Director>
    <Actor>全智贤、李成宰、Chris Zomer</Actor>
    <Type>Romance</Type>
    <Price>100</Price>
    <Schedule>
      <Item>19:30</Item>
      <Item>21:30</Item>
    </Schedule>
  </Movie>
  <Movie>
    <Name>心花怒放</Name>
    <Poster>心花怒放.jpg</Poster>
    <Director>宁浩</Director>
    <Actor>黄渤，徐峥，周冬雨，袁泉，夏雨</Actor>
    <Type>Comedy</Type>
    <Price>99</Price>
    <Schedule>
      <Item>14:10</Item>
      <Item>18:30</Item>
      <Item>22:50</Item>
    </Schedule>
  </Movie>
  <Movie>
    <Name>老男孩</Name>
    <Poster>老男孩.jpg</Poster>
    <Director>肖央</Director>
    <Actor>肖央，王太利</Actor>
    <Type>Comedy</Type>
    <Price>50</Price>
    <Schedule>
      <Item>09:30</Item>
    </Schedule>
  </Movie>
</ShowList>
